variant_id	in_C1_2000	in_Claude_v7	original_tier
chrX:41442281:C:A	True	False	5
chrX:41442282:G:A	True	False	5
chrX:41442310:T:C	True	True	2
chrX:41442417:T:C	True	False	5
chrX:41442419:C:T	True	True	2
chrX:41442444:G:C	True	False	5
chrX:41442561:C:T	True	True	3
chrX:41442564:G:A	True	True	5
chrX:41442626:G:A	True	True	3
chrX:41442650:C:G	True	True	2
chrX:41442687:T:A	True	False	5
chrX:41442695:G:A	True	False	5
chrX:41442750:G:A	True	True	3
chrX:41559249:G:A	True	True	1
chrX:41559371:T:C	True	False	5
chrX:41559433:G:A	True	False	5
chrX:41559542:A:C	True	False	5
chrX:41559650:T:C	True	False	5
chrX:41634315:A:G	True	False	5
chrX:41634327:G:T	True	True	3
chrX:41634347:G:A	True	True	4
chrX:41634348:C:T	True	True	4
chrX:41634368:A:G	True	True	4
chrX:41634370:T:G	True	True	4
chrX:41634371:C:G	True	True	4
chrX:41634374:T:C	True	True	4
chrX:41634385:C:A	True	True	4
chrX:41634386:T:C	True	True	4
chrX:41634387:G:T	True	True	4
chrX:41634390:G:A	True	True	4
chrX:41634395:T:C	True	True	4
chrX:41634414:G:A	True	True	4
chrX:41634432:T:A	True	True	4
chrX:41634445:G:T	True	True	4
chrX:41634449:G:A	True	True	4
chrX:41634459:C:G	True	True	4
chrX:41634461:C:T	True	True	4
chrX:41634466:C:G	True	True	4
chrX:41634468:C:T	True	True	3
chrX:41634469:C:T	True	True	4
chrX:41634476:T:C	True	True	4
chrX:41634490:C:G	True	True	4
chrX:41634490:C:T	True	True	4
chrX:41634494:G:A	True	True	4
chrX:41634505:T:C	True	True	4
chrX:41634514:C:T	True	True	4
chrX:41634537:A:G	True	True	4
chrX:41634544:T:G	True	True	3
chrX:41634546:C:T	True	True	4
chrX:41634552:C:A	True	True	4
chrX:41634553:C:G	True	True	4
chrX:41634555:C:T	True	True	4
chrX:41634556:G:A	True	True	4
chrX:41634558:G:C	True	True	4
chrX:41634559:A:G	True	True	4
chrX:41634565:A:G	True	True	4
chrX:41634566:C:T	True	True	4
chrX:41634571:T:C	True	True	4
chrX:41634583:G:A	True	True	4
chrX:41634591:A:C	True	True	4
chrX:41634598:A:G	True	True	4
chrX:41634605:T:C	True	True	4
chrX:41634614:G:A	True	True	4
chrX:41634616:T:A	True	True	4
chrX:41634617:T:C	True	True	4
chrX:41634621:T:C	True	True	4
chrX:41634636:G:A	True	True	4
chrX:41634636:G:T	True	True	4
chrX:41634643:C:T	True	True	4
chrX:41634644:C:T	True	True	4
chrX:41634647:T:A	True	True	4
chrX:41634647:T:C	True	True	4
chrX:41634649:C:G	True	True	4
chrX:41634652:C:T	True	True	1
chrX:41634653:G:A	True	True	4
chrX:41634655:A:G	True	True	4
chrX:41634660:C:G	True	True	4
chrX:41634668:G:T	True	True	4
chrX:41634674:G:A	True	True	4
chrX:41634683:T:C	True	True	4
chrX:41634697:T:C	True	True	4
chrX:41634699:G:T	True	True	4
chrX:41634700:A:G	True	True	4
chrX:41634705:T:C	True	True	4
chrX:41634705:T:G	True	True	4
chrX:41634706:T:C	True	True	4
chrX:41634709:C:A	True	True	4
chrX:41689690:T:C	True	True	1
chrX:41689903:G:A	True	True	1
chrX:41689932:G:A	True	False	5
chrX:41704379:T:C	True	True	3
chrX:41704599:C:T	True	True	3
chrX:41704633:C:T	True	True	3
chrX:41704664:T:G	True	True	3
chrX:41705012:T:C	True	True	4
chrX:41705013:G:A	True	True	4
chrX:41705017:T:G	True	True	4
chrX:41705024:A:C	True	True	4
chrX:41705028:T:C	True	True	4
chrX:41705029:G:A	True	True	4
chrX:41705032:G:A	True	True	4
chrX:41705033:G:A	True	True	3
chrX:41705036:A:G	True	True	4
chrX:41705047:T:C	True	True	4
chrX:41705048:A:C	True	True	4
chrX:41705048:A:G	True	True	4
chrX:41705059:T:C	True	True	4
chrX:41705062:T:C	True	True	4
chrX:41705063:G:A	True	True	4
chrX:41705064:G:C	True	True	4
chrX:41705067:G:A	True	True	4
chrX:41705068:T:C	True	True	4
chrX:41705081:A:G	True	True	4
chrX:41705082:G:A	True	True	4
chrX:41705083:G:T	True	True	4
chrX:41705088:T:C	True	True	4
chrX:41705089:G:A	True	True	4
chrX:41705092:G:A	True	True	4
chrX:41705093:G:A	True	True	4
chrX:41705094:A:T	True	True	4
chrX:41705096:G:A	True	True	3
chrX:41705100:C:T	True	True	4
chrX:41705103:A:T	True	True	4
chrX:41705104:G:A	True	True	4
chrX:41705104:G:T	True	True	4
chrX:41705105:A:T	True	True	4
chrX:41705108:G:A	True	True	4
chrX:41705109:A:G	True	True	4
chrX:41705114:T:G	True	True	4
chrX:41705115:T:C	True	True	4
chrX:41705123:G:A	True	True	4
chrX:41705140:T:C	True	True	4
chrX:41705143:T:A	True	True	4
chrX:41705143:T:C	True	True	4
chrX:41705146:C:T	True	True	4
chrX:41705147:A:G	True	True	4
chrX:41705163:G:C	True	True	4
chrX:41705165:G:A	True	True	4
chrX:41705255:T:A	True	True	3
chrX:41705453:A:G	True	True	3
chrX:41705473:T:A	True	True	3
chrX:41705482:G:T	True	True	3
chrX:41705713:C:A	True	True	1
chrX:41705812:C:T	True	True	4
chrX:41705814:C:A	True	True	4
chrX:41705817:T:G	True	True	4
chrX:41705820:A:T	True	True	4
chrX:41705827:T:C	True	True	4
chrX:41705833:C:T	True	True	4
chrX:41705837:A:G	True	True	4
chrX:41705838:T:C	True	True	4
chrX:41705839:T:A	True	True	4
chrX:41705841:C:G	True	True	4
chrX:41705843:T:C	True	True	4
chrX:41705846:C:G	True	True	4
chrX:41705855:T:A	True	True	4
chrX:41705856:G:A	True	True	4
chrX:41705860:C:T	True	True	4
chrX:41705865:C:G	True	True	4
chrX:41705869:T:C	True	True	4
chrX:41705871:G:A	True	True	4
chrX:41705888:C:T	False	True	4
chrX:41705889:G:A	False	True	4
chrX:41705891:C:T	False	True	4
chrX:41705893:C:A	False	True	4
chrX:41705896:C:T	False	True	4
chrX:41705898:C:T	True	True	4
chrX:41705899:C:T	True	True	4
chrX:41705900:C:T	True	True	4
chrX:41705901:C:T	True	True	4
chrX:41705902:G:A	True	True	4
chrX:41705905:G:A	True	True	4
chrX:41705911:T:C	True	True	4
chrX:41705917:C:T	True	True	4
chrX:41705923:C:T	True	True	4
chrX:41705925:G:C	True	True	4
chrX:41705932:G:C	True	True	4
chrX:41705937:A:G	True	True	4
chrX:41705953:A:G	True	True	4
chrX:41705953:A:T	True	True	4
chrX:41705954:T:C	True	True	4
chrX:41705965:T:A	True	True	4
chrX:41705977:T:C	True	True	4
chrX:41705989:T:A	True	True	4
chrX:41706001:T:G	True	True	4
chrX:41706009:T:A	True	True	4
chrX:41706010:G:T	True	True	4
chrX:41706011:G:T	True	True	4
chrX:41706012:T:C	True	True	4
chrX:41706017:T:C	True	True	4
chrX:41706034:T:C	True	True	4
chrX:41706039:T:G	True	True	4
chrX:41706040:G:A	True	True	4
chrX:41706048:A:G	True	True	4
chrX:41706051:A:C	True	True	4
chrX:41706056:C:A	True	True	4
chrX:41706060:A:G	True	True	4
chrX:41706062:A:G	True	True	4
chrX:41706066:G:A	True	True	4
chrX:41706066:G:C	True	True	4
chrX:41706076:T:G	True	True	4
chrX:41706078:A:C	True	True	4
chrX:41706083:G:A	True	True	4
chrX:41706090:A:G	True	True	4
chrX:41706093:G:C	True	True	4
chrX:41706100:A:C	True	True	4
chrX:41706101:C:A	True	True	4
chrX:41706101:C:T	True	True	4
chrX:41706103:G:A	True	True	4
chrX:41706105:T:A	True	True	4
chrX:41706108:C:G	True	True	4
chrX:41706108:C:T	True	True	4
chrX:41706121:A:G	True	True	4
chrX:41706124:A:G	True	True	4
chrX:41706129:C:T	True	True	4
chrX:41706130:A:G	True	True	4
chrX:41706137:T:C	True	True	4
chrX:41706138:G:A	True	True	4
chrX:41706139:C:G	True	True	4
chrX:41706146:A:C	True	True	4
chrX:41706163:T:C	True	True	4
chrX:41706168:G:A	True	True	4
chrX:41706171:C:G	True	True	4
chrX:41706173:T:C	True	True	4
chrX:41706182:C:T	True	True	4
chrX:41706183:C:T	True	True	4
chrX:41706191:G:A	True	True	4
chrX:41706203:T:G	True	True	4
chrX:41706216:G:A	True	True	4
chrX:41706234:C:T	True	True	4
chrX:41706238:T:C	True	True	4
chrX:41706261:A:G	True	True	4
chrX:41706265:G:T	True	True	4
chrX:41706271:G:C	True	True	4
chrX:41706278:G:A	True	True	4
chrX:41706294:A:G	True	True	4
chrX:41706297:T:C	True	True	4
chrX:41706311:T:A	True	True	4
chrX:41706314:C:T	True	True	4
chrX:41706317:G:T	True	True	4
chrX:41706332:C:T	True	True	4
chrX:41706335:T:C	True	True	4
chrX:41706341:T:A	True	True	4
chrX:41706348:A:G	True	True	4
chrX:41706353:T:C	True	True	4
chrX:41706358:C:T	True	True	4
chrX:41706389:G:T	True	True	0
chrX:41706540:T:C	True	True	0
chrX:41706979:A:T	True	True	0
chrX:41707020:C:T	True	True	3
chrX:41707139:C:T	True	True	0
chrX:41707203:A:G	True	True	0
chrX:41707205:T:G	True	True	0
chrX:41707307:C:T	True	True	3
chrX:41707518:C:G	True	True	3
chrX:41707694:G:A	True	True	3
chrX:41707987:G:A	True	True	3
chrX:41707994:T:A	True	True	2
chrX:41708074:C:T	True	True	3
chrX:41708328:A:C	True	True	3
chrX:41708357:G:T	True	True	3
chrX:41708447:G:C	True	True	3
chrX:41708547:C:T	True	True	0
chrX:41708579:T:C	True	True	3
chrX:41709198:C:A	True	True	3
chrX:41709412:C:A	True	True	2
chrX:41709723:G:A	True	True	3
chrX:41709860:T:C	True	True	3
chrX:41709967:C:T	True	True	0
chrX:41710060:C:T	False	True	5
chrX:41710134:T:G	True	True	3
chrX:41710290:T:C	True	True	0
chrX:41710543:G:C	True	True	3
chrX:41710672:A:G	True	True	3
chrX:41711005:C:T	True	True	3
chrX:41711077:G:A	True	True	0
chrX:41711131:G:C	True	True	0
chrX:41711205:C:A	True	True	3
chrX:41711206:T:G	True	True	3
chrX:41711208:T:C	True	True	3
chrX:41711214:C:G	True	True	3
chrX:41711275:T:C	True	True	3
chrX:41711430:C:T	True	True	0
chrX:41711646:C:T	False	True	5
chrX:41711662:T:C	True	True	3
chrX:41711668:T:C	True	True	3
chrX:41712022:C:T	True	True	3
chrX:41712121:C:T	True	True	2
chrX:41712260:G:A	True	True	0
chrX:41712426:A:G	True	True	0
chrX:41712647:C:T	True	True	2
chrX:41712662:G:A	True	True	3
chrX:41713125:G:T	False	True	5
chrX:41713150:C:T	True	True	3
chrX:41713404:T:A	True	True	2
chrX:41713570:T:C	True	True	3
chrX:41713834:C:T	True	True	2
chrX:41713867:A:C	True	True	0
chrX:41714313:T:C	True	True	0
chrX:41714361:A:T	True	True	3
chrX:41714381:A:C	True	True	3
chrX:41714452:C:T	True	True	3
chrX:41714488:C:A	True	True	3
chrX:41714611:C:G	True	True	0
chrX:41714822:G:T	True	True	2
chrX:41714861:A:C	True	True	0
chrX:41714994:G:T	True	True	3
chrX:41714998:C:T	True	True	3
chrX:41715380:G:C	True	True	3
chrX:41715448:C:T	True	True	2
chrX:41715449:G:A	True	True	2
chrX:41715565:C:T	True	True	3
chrX:41715570:C:T	True	True	3
chrX:41715734:G:A	True	True	3
chrX:41715937:A:G	True	True	3
chrX:41716017:A:C	True	True	3
chrX:41716035:A:C	True	True	3
chrX:41716111:C:T	True	True	3
chrX:41716144:T:C	True	True	3
chrX:41716387:T:C	True	True	3
chrX:41716441:G:A	True	True	0
chrX:41716843:T:C	True	True	3
chrX:41717006:G:A	True	True	3
chrX:41717035:A:C	True	True	0
chrX:41717040:T:C	True	True	0
chrX:41717184:C:A	True	True	3
chrX:41717285:T:C	True	True	3
chrX:41717304:C:T	True	True	2
chrX:41717416:G:A	True	True	3
chrX:41717765:C:T	True	True	1
chrX:41717934:G:A	True	True	3
chrX:41718265:T:G	True	True	3
chrX:41718296:C:T	False	True	5
chrX:41718434:G:A	True	True	3
chrX:41718449:G:A	True	True	3
chrX:41718582:C:T	True	True	3
chrX:41719382:G:A	True	True	3
chrX:41719695:T:C	True	False	5
chrX:41719705:C:A	True	False	5
chrX:41719729:C:T	True	True	3
chrX:41719734:T:C	True	False	5
chrX:41719744:A:G	True	True	3
chrX:41719896:C:A	True	True	4
chrX:41719900:T:C	True	True	4
chrX:41719904:T:A	True	True	3
chrX:41719908:C:T	True	True	4
chrX:41719915:G:A	True	True	4
chrX:41719919:G:C	True	True	4
chrX:41719922:C:T	True	True	4
chrX:41719927:A:G	True	True	4
chrX:41720019:T:G	True	True	3
chrX:41720459:T:C	True	True	0
chrX:41720786:T:C	True	True	0
chrX:41720833:C:T	True	True	3
chrX:41720904:C:A	True	True	3
chrX:41721156:C:T	True	True	0
chrX:41721274:A:G	True	True	3
chrX:41721444:C:T	True	True	2
chrX:41721530:C:T	False	True	5
chrX:41721608:C:T	True	True	3
chrX:41721815:T:G	True	True	3
chrX:41721856:A:G	True	True	3
chrX:41721953:G:A	True	True	3
chrX:41722417:G:C	True	True	3
chrX:41722708:C:T	True	True	3
chrX:41722977:C:A	True	False	4
chrX:41722978:T:C	True	False	4
chrX:41722987:A:G	True	False	4
chrX:41722992:C:T	True	True	4
chrX:41722993:G:A	True	True	4
chrX:41723001:A:G	True	True	4
chrX:41723003:C:G	True	True	4
chrX:41723003:C:T	True	True	4
chrX:41723004:C:A	True	True	4
chrX:41723006:T:C	True	True	4
chrX:41723018:T:G	True	True	4
chrX:41723020:T:C	True	True	4
chrX:41723028:T:C	True	True	4
chrX:41723032:T:C	True	True	4
chrX:41723035:T:A	True	True	4
chrX:41723043:C:T	True	True	4
chrX:41723045:A:T	True	True	4
chrX:41723049:T:C	True	True	4
chrX:41723059:C:T	True	True	4
chrX:41723061:G:C	True	True	4
chrX:41723072:G:T	False	True	4
chrX:41723076:A:C	False	True	4
chrX:41723077:C:T	False	True	4
chrX:41723092:A:G	False	True	4
chrX:41723094:T:G	False	True	4
chrX:41723109:A:T	False	True	4
chrX:41723112:T:C	False	True	4
chrX:41723119:A:G	False	True	4
chrX:41723122:C:T	False	True	4
chrX:41723123:A:T	False	True	4
chrX:41723126:A:G	False	True	4
chrX:41723129:G:A	False	True	4
chrX:41723131:G:T	False	True	4
chrX:41723138:T:C	True	True	3
chrX:41723150:G:A	False	True	4
chrX:41723156:A:T	False	True	4
chrX:41723157:G:A	False	True	4
chrX:41723157:G:C	False	True	4
chrX:41723159:T:C	False	True	4
chrX:41723161:A:G	False	True	4
chrX:41723165:T:C	False	True	4
chrX:41723167:G:A	False	True	4
chrX:41723168:C:T	False	True	4
chrX:41723169:G:A	False	True	4
chrX:41723179:G:C	False	True	4
chrX:41723181:A:C	False	True	4
chrX:41723186:C:T	False	True	4
chrX:41723193:C:T	False	True	4
chrX:41723196:C:G	False	True	4
chrX:41723198:G:A	False	True	4
chrX:41723199:T:C	True	True	0
chrX:41723209:G:A	False	True	4
chrX:41723210:T:C	False	True	4
chrX:41723215:A:T	False	True	4
chrX:41723223:A:G	False	True	4
chrX:41723225:A:C	False	True	4
chrX:41723240:G:T	False	True	4
chrX:41723254:G:C	True	True	4
chrX:41723255:A:G	True	True	4
chrX:41723260:T:C	True	True	4
chrX:41723262:T:G	True	True	4
chrX:41723269:T:C	True	True	4
chrX:41723301:A:G	True	True	4
chrX:41723302:T:G	True	True	4
chrX:41723303:G:A	True	True	4
chrX:41723305:G:T	True	True	4
chrX:41723307:G:C	True	True	4
chrX:41723311:G:C	True	True	4
chrX:41723315:T:C	True	True	4
chrX:41723321:C:A	True	True	4
chrX:41723321:C:T	True	True	4
chrX:41723324:G:A	True	True	4
chrX:41723325:T:G	False	True	4
chrX:41723330:C:T	False	True	4
chrX:41723333:C:T	False	True	4
chrX:41723340:G:A	False	True	4
chrX:41723344:A:G	False	True	4
chrX:41723346:A:T	False	True	4
chrX:41723357:A:G	False	True	4
chrX:41723358:T:C	False	True	4
chrX:41723361:A:G	False	True	4
chrX:41723368:A:T	False	True	4
chrX:41723384:C:A	False	True	4
chrX:41723384:C:G	False	True	4
chrX:41723384:C:T	False	True	4
chrX:41723385:G:A	False	True	4
chrX:41723391:C:A	False	True	4
chrX:41723397:C:G	False	True	4
chrX:41723404:A:T	True	True	3
chrX:41723408:G:A	False	True	4
chrX:41723412:C:T	False	True	4
chrX:41723421:A:G	False	True	4
chrX:41723429:T:C	False	True	4
chrX:41723431:T:C	False	True	4
chrX:41723432:T:C	False	True	4
chrX:41723433:T:A	False	True	4
chrX:41723436:A:G	False	True	4
chrX:41723437:A:T	False	True	4
chrX:41723446:G:T	False	True	4
chrX:41723457:G:A	False	True	4
chrX:41723462:G:A	False	True	4
chrX:41723464:T:C	False	True	4
chrX:41723467:C:T	True	True	3
chrX:41723471:A:G	False	True	4
chrX:41723478:A:C	False	True	4
chrX:41723485:T:C	False	True	4
chrX:41723492:G:C	False	True	4
chrX:41723504:A:T	False	True	4
chrX:41723505:C:T	False	True	4
chrX:41723512:C:T	False	True	4
chrX:41723517:C:A	True	True	3
chrX:41723517:C:G	False	True	4
chrX:41723518:A:C	False	True	4
chrX:41723536:T:C	False	True	4
chrX:41723538:T:C	False	True	4
chrX:41723544:G:A	False	True	4
chrX:41723546:C:T	False	True	4
chrX:41723553:A:G	False	True	4
chrX:41723555:T:A	False	True	4
chrX:41723555:T:C	False	True	4
chrX:41723556:G:C	False	True	4
chrX:41723561:A:G	False	True	4
chrX:41723562:T:A	False	True	4
chrX:41723563:G:T	False	True	4
chrX:41723572:T:C	False	True	4
chrX:41723578:T:C	False	True	4
chrX:41723580:G:A	False	True	4
chrX:41723580:G:C	False	True	4
chrX:41723581:T:C	False	True	4
chrX:41723582:G:A	False	True	4
chrX:41723591:T:C	False	True	4
chrX:41723592:T:C	False	True	4
chrX:41723600:G:C	False	True	4
chrX:41723603:T:C	False	True	4
chrX:41723604:G:A	False	True	4
chrX:41723607:T:A	False	True	4
chrX:41723611:C:T	False	True	4
chrX:41723617:A:G	False	True	4
chrX:41723618:G:A	False	True	4
chrX:41723638:C:G	False	True	4
chrX:41723639:C:T	False	True	4
chrX:41723640:C:T	False	True	4
chrX:41723644:G:A	False	True	4
chrX:41723645:T:C	False	True	4
chrX:41723656:C:G	False	True	4
chrX:41723828:T:C	False	True	4
chrX:41723836:C:A	False	True	4
chrX:41723838:A:G	False	True	4
chrX:41723842:T:C	False	True	4
chrX:41723843:A:G	False	True	4
chrX:41723850:A:G	False	True	4
chrX:41723868:T:C	False	True	4
chrX:41723870:T:C	False	True	4
chrX:41723872:G:A	False	True	4
chrX:41723874:G:C	False	True	4
chrX:41723878:C:G	False	True	4
chrX:41723879:T:C	False	True	4
chrX:41723881:C:T	False	True	4
chrX:41723889:C:G	False	True	4
chrX:41723899:C:T	False	True	4
chrX:41723901:C:T	False	True	4
chrX:41723912:A:G	False	True	4
chrX:41723916:C:T	False	True	4
chrX:41723917:T:C	False	True	4
chrX:41723923:T:C	False	True	4
chrX:41723927:G:T	False	True	4
chrX:41723947:A:C	True	True	4
chrX:41723949:T:C	True	True	4
chrX:41723957:A:G	True	True	4
chrX:41723960:G:A	True	True	4
chrX:41723974:T:C	True	True	4
chrX:41723976:C:T	True	True	4
chrX:41723983:G:A	True	True	4
chrX:41723989:A:G	True	True	4
chrX:41723991:T:C	True	True	4
chrX:41724005:A:G	True	True	4
chrX:41724016:T:C	True	True	4
chrX:41724018:A:G	True	True	4
chrX:41724019:T:C	True	True	4
chrX:41724021:T:C	True	True	4
chrX:41724023:T:C	True	True	4
chrX:41724024:A:G	True	True	4
chrX:41724027:T:C	True	True	4
chrX:41724029:G:T	True	True	4
chrX:41724030:T:C	True	True	4
chrX:41724033:A:G	True	True	4
chrX:41724034:C:G	True	True	4
chrX:41724044:C:A	True	True	4
chrX:41724050:C:T	True	True	4
chrX:41724056:T:C	True	True	4
chrX:41724058:G:C	True	True	4
chrX:41724071:T:G	True	True	4
chrX:41724086:T:A	True	True	4
chrX:41724089:C:A	True	True	4
chrX:41724092:C:T	True	True	4
chrX:41724094:T:C	True	True	4
chrX:41724097:A:G	True	True	4
chrX:41724100:A:G	True	True	4
chrX:41724104:C:T	True	True	4
chrX:41724107:T:C	True	True	4
chrX:41724115:C:T	True	True	4
chrX:41724123:T:C	True	True	4
chrX:41724124:T:C	True	True	4
chrX:41724129:T:A	True	True	4
chrX:41724135:T:G	True	True	4
chrX:41724137:C:G	True	True	4
chrX:41724138:C:T	True	True	4
chrX:41724143:T:C	True	True	3
chrX:41724144:C:T	True	True	4
chrX:41724151:C:T	True	True	4
chrX:41724152:T:C	True	True	4
chrX:41724157:T:C	True	True	4
chrX:41724158:T:C	True	True	4
chrX:41724159:G:T	True	True	4
chrX:41724160:G:A	True	True	4
chrX:41724162:G:A	True	True	4
chrX:41724164:C:T	True	True	4
chrX:41724169:A:G	True	True	4
chrX:41724170:A:C	True	True	4
chrX:41724172:A:G	True	True	4
chrX:41724176:T:C	True	True	4
chrX:41724178:T:C	True	True	4
chrX:41724180:C:A	True	True	4
chrX:41724182:C:T	True	True	4
chrX:41724186:G:A	True	True	4
chrX:41724187:A:G	True	True	4
chrX:41724190:A:T	True	True	4
chrX:41724192:A:G	True	True	4
chrX:41724197:T:A	True	True	4
chrX:41724197:T:C	True	True	4
chrX:41724208:A:T	False	True	4
chrX:41724212:T:C	False	True	4
chrX:41724213:C:G	False	True	4
chrX:41724214:A:G	False	True	4
chrX:41724215:G:A	False	True	4
chrX:41724216:A:G	False	True	4
chrX:41724217:G:T	False	True	4
chrX:41724229:T:C	False	True	4
chrX:41724240:A:G	False	True	4
chrX:41724241:T:C	False	True	4
chrX:41724250:T:C	False	True	4
chrX:41724254:C:T	False	True	4
chrX:41724255:A:G	False	True	4
chrX:41724256:A:T	False	True	4
chrX:41724264:T:C	False	True	4
chrX:41724268:T:C	False	True	4
chrX:41724275:A:G	False	True	4
chrX:41724282:T:C	False	True	4
chrX:41724284:A:C	False	True	4
chrX:41724294:G:C	False	True	4
chrX:41724300:T:C	False	True	4
chrX:41724301:T:A	False	True	4
chrX:41724306:T:C	False	True	4
chrX:41724308:C:A	False	True	4
chrX:41724314:T:C	False	True	4
chrX:41724332:C:T	False	True	4
chrX:41724335:T:C	False	True	4
chrX:41724344:A:G	False	True	4
chrX:41724345:C:A	False	True	4
chrX:41724357:G:A	False	True	4
chrX:41724358:T:C	False	True	4
chrX:41724482:G:A	True	True	0
chrX:41725020:G:A	True	True	3
chrX:41725158:A:T	True	True	0
chrX:41725417:G:A	True	True	0
chrX:41725800:A:G	True	True	3
chrX:41725933:C:T	True	True	3
chrX:41726101:A:C	True	True	2
chrX:41726272:T:C	True	True	0
chrX:41726709:A:G	False	True	5
chrX:41726822:C:T	True	True	0
chrX:41727375:C:T	True	True	0
chrX:41727580:G:A	True	True	3
chrX:41727965:T:C	True	True	0
chrX:41728316:C:G	True	True	0
chrX:41728824:A:G	True	True	3
chrX:41728916:T:C	True	True	0
chrX:41729082:T:G	True	True	3
chrX:41729399:C:T	True	True	3
chrX:41729449:T:C	True	True	3
chrX:41729539:C:T	False	True	5
chrX:41729552:T:G	True	True	3
chrX:41729707:G:A	False	True	5
chrX:41730557:T:C	True	True	3
chrX:41730577:C:T	True	True	0
chrX:41730630:T:C	True	True	0
chrX:41730633:A:G	True	True	2
chrX:41730637:T:C	True	True	0
chrX:41731248:C:T	True	True	3
chrX:41731249:G:A	True	True	3
chrX:41731264:A:G	True	True	3
chrX:41731806:G:A	True	True	3
chrX:41732160:T:A	True	False	4
chrX:41732165:C:A	True	False	4
chrX:41732167:C:T	True	False	4
chrX:41732174:G:A	True	False	4
chrX:41732178:T:C	True	False	4
chrX:41732195:T:G	True	False	4
chrX:41732200:C:T	True	True	4
chrX:41732206:G:A	True	True	4
chrX:41732217:T:C	True	False	4
chrX:41732223:C:T	True	False	4
chrX:41732257:C:T	True	False	4
chrX:41732265:C:T	True	True	4
chrX:41732292:A:C	True	False	4
chrX:41732302:G:A	True	True	4
chrX:41732302:G:C	True	False	4
chrX:41732307:G:A	True	False	4
chrX:41732330:T:C	True	False	4
chrX:41732331:A:C	True	False	4
chrX:41732336:G:T	True	False	4
chrX:41732337:G:A	True	False	4
chrX:41732357:G:T	True	False	4
chrX:41732358:G:A	True	False	4
chrX:41732362:G:A	True	False	4
chrX:41732363:A:G	True	False	4
chrX:41732381:T:C	True	False	4
chrX:41732385:T:A	True	False	4
chrX:41732393:G:A	True	False	4
chrX:41732396:G:A	True	True	4
chrX:41732404:T:C	True	False	4
chrX:41732408:C:G	True	False	4
chrX:41732415:C:G	True	False	4
chrX:41732416:T:C	True	False	4
chrX:41732422:T:C	True	True	4
chrX:41732425:G:A	True	False	4
chrX:41732426:C:G	True	False	4
chrX:41732436:G:A	True	False	4
chrX:41732436:G:T	True	False	4
chrX:41732446:C:G	True	False	4
chrX:41732446:C:T	True	False	4
chrX:41732447:G:A	True	True	4
chrX:41732450:C:G	True	False	4
chrX:41732454:T:C	True	False	4
chrX:41732801:G:A	True	True	3
chrX:41732907:T:G	True	True	2
chrX:41732950:A:G	True	True	2
chrX:41732983:T:G	True	True	3
chrX:41733020:A:T	True	True	3
chrX:41733032:T:C	True	True	2
chrX:41733037:G:A	True	True	3
chrX:41733067:T:C	True	True	3
chrX:41733147:A:G	True	True	3
chrX:41733585:A:C	True	True	3
chrX:41733727:C:T	True	True	3
chrX:41733753:A:T	True	True	3
chrX:41733791:C:T	True	True	0
chrX:41734206:T:G	True	True	3
chrX:41734306:A:C	True	True	2
chrX:41734597:T:C	True	True	1
chrX:41734783:C:T	True	True	3
chrX:41734793:C:G	True	True	3
chrX:41734957:G:A	True	True	2
chrX:41735004:A:G	True	True	3
chrX:41735109:C:T	True	True	3
chrX:41735839:A:G	True	True	1
chrX:41735919:T:C	True	True	3
chrX:41736033:G:A	True	True	3
chrX:41736232:C:T	True	True	3
chrX:41736233:G:A	True	True	2
chrX:41736324:G:A	True	True	3
chrX:41736366:G:A	True	True	3
chrX:41736497:A:C	True	True	2
chrX:41736764:G:T	True	True	3
chrX:41736906:C:A	True	True	3
chrX:41737194:T:C	True	True	2
chrX:41737314:C:T	True	True	3
chrX:41737429:A:G	True	True	1
chrX:41737679:T:C	True	True	3
chrX:41737823:T:C	True	True	3
chrX:41737884:A:C	True	True	3
chrX:41737975:A:G	True	True	3
chrX:41737997:C:T	True	True	3
chrX:41738006:G:A	True	True	3
chrX:41738020:G:C	True	True	3
chrX:41738596:G:A	True	True	1
chrX:41738601:G:C	True	True	3
chrX:41738615:A:G	True	True	2
chrX:41738861:G:A	True	True	3
chrX:41738899:C:T	True	True	1
chrX:41739048:T:A	True	True	3
chrX:41739057:C:A	True	True	3
chrX:41739255:A:G	True	True	3
chrX:41739450:A:G	True	True	3
chrX:41739641:T:C	False	True	5
chrX:41739762:T:G	True	True	2
chrX:41739805:C:T	True	True	3
chrX:41739823:C:T	True	True	1
chrX:41739915:G:A	True	True	2
chrX:41739988:G:A	True	True	3
chrX:41739998:A:T	True	True	3
chrX:41740375:C:T	True	True	3
chrX:41740734:C:A	True	True	3
chrX:41741008:A:G	True	True	3
chrX:41741250:G:A	True	True	2
chrX:41741288:C:T	True	True	2
chrX:41741366:T:C	True	True	2
chrX:41741630:T:C	True	False	4
chrX:41741636:C:T	True	True	4
chrX:41741638:G:C	True	True	4
chrX:41741650:C:G	True	True	4
chrX:41741650:C:T	True	True	4
chrX:41741651:G:A	True	True	4
chrX:41741653:C:A	True	True	4
chrX:41741653:C:T	True	True	4
chrX:41741654:G:A	True	True	4
chrX:41741655:T:C	True	True	4
chrX:41741665:C:T	True	True	4
chrX:41741671:A:G	True	True	4
chrX:41741675:G:C	True	True	4
chrX:41741692:A:G	True	True	4
chrX:41741692:A:T	True	True	4
chrX:41741693:T:C	True	True	4
chrX:41741696:C:T	True	True	4
chrX:41741701:C:G	True	True	4
chrX:41741706:C:A	True	True	4
chrX:41741706:C:G	True	True	4
chrX:41741708:A:C	True	True	4
chrX:41741709:T:A	True	True	4
chrX:41741710:C:T	True	True	4
chrX:41741715:T:C	True	True	4
chrX:41741719:C:T	True	True	4
chrX:41741724:C:T	True	True	4
chrX:41741729:C:T	True	True	4
chrX:41741734:T:C	True	True	4
chrX:41741735:C:A	True	True	4
chrX:41741739:C:T	True	True	4
chrX:41741740:G:A	True	True	4
chrX:41741748:G:C	True	True	4
chrX:41741751:T:C	True	True	4
chrX:41741751:T:G	True	True	4
chrX:41741758:G:C	True	True	4
chrX:41741759:T:C	True	True	4
chrX:41741760:G:A	True	True	4
chrX:41741762:G:A	True	True	3
chrX:41741777:C:T	True	True	4
chrX:41741787:A:C	True	True	4
chrX:41741797:C:A	True	True	4
chrX:41741805:A:G	True	True	4
chrX:41741807:G:A	True	True	4
chrX:41741809:A:G	True	True	4
chrX:41741815:T:A	True	True	3
chrX:41741830:T:A	True	True	4
chrX:41741831:C:A	True	True	4
chrX:41741836:A:C	True	True	4
chrX:41741838:C:T	True	True	4
chrX:41741847:A:G	True	True	4
chrX:41741858:T:C	True	True	4
chrX:41741859:A:G	True	True	4
chrX:41741860:G:C	True	True	4
chrX:41741874:C:T	True	True	4
chrX:41741877:A:G	True	True	4
chrX:41741878:G:A	True	True	4
chrX:41741884:C:T	True	False	4
chrX:41741902:T:C	True	False	4
chrX:41741903:C:T	True	False	4
chrX:41741913:C:T	True	False	4
chrX:41742515:T:C	True	True	3
chrX:41742596:A:T	True	True	3
chrX:41742613:G:T	True	True	2
chrX:41743697:G:A	True	True	2
chrX:41744053:A:T	True	True	2
chrX:41744115:G:A	True	True	3
chrX:41744471:G:A	True	True	3
chrX:41744482:A:G	True	True	3
chrX:41744539:T:A	False	True	5
chrX:41744624:A:G	True	True	2
chrX:41744633:C:T	True	True	3
chrX:41744719:T:C	True	True	3
chrX:41744971:C:G	True	True	3
chrX:41745225:C:T	True	True	3
chrX:41745295:C:A	True	True	3
chrX:41745314:C:A	True	True	3
chrX:41745378:G:A	True	True	3
chrX:41745708:G:T	True	True	2
chrX:41746107:C:T	True	True	3
chrX:41746591:C:T	True	True	1
chrX:41746891:C:T	True	True	3
chrX:41747280:T:C	True	True	3
chrX:41747479:G:A	True	True	2
chrX:41747507:C:T	True	True	2
chrX:41747559:C:T	True	True	3
chrX:41747586:C:T	True	True	3
chrX:41747657:A:G	True	True	2
chrX:41748044:C:T	True	True	1
chrX:41748299:G:A	True	True	3
chrX:41748368:C:G	True	True	3
chrX:41748491:C:T	True	True	3
chrX:41748526:T:C	True	True	3
chrX:41748529:C:T	True	True	3
chrX:41749037:C:T	True	True	3
chrX:41749059:C:T	True	True	3
chrX:41749082:C:T	True	True	2
chrX:41749271:G:A	True	True	3
chrX:41749299:A:C	False	True	5
chrX:41749650:G:T	True	True	2
chrX:41749886:C:T	True	True	2
chrX:41749934:T:C	True	True	3
chrX:41750125:A:G	True	True	3
