region	start0	end0	interval_1based	bp	evidence_tiles	selected_variants	dnase_sources	dnase_source_count	dnase_union_bp	macrophage_H3K27ac_bp	monocyte_proxy_H3K27ac_bp	stat3_conditions	stat3_union_bp	cCRE_count	cCRE_classes	max_rE2G	initial_selection_evidence
R01	41442262	41442762	chrX:41,442,263–41,442,762	500	4	13	"[""ENCFF580ICE"", ""ENCFF174FFX"", ""ENCFF619TQP"", ""ENCFF586HMB"", ""ENCFF948HMV""]"	5	465	363	289	"[""IFNg"", ""IFNg-LPS"", ""IL10"", ""LPS"", ""resting""]"	500			0.3096222897537214	"[""GPR82_rE2G_link""]"
R02	41559191	41559691	chrX:41,559,192–41,559,691	500	8	6	"[""ENCFF580ICE"", ""ENCFF174FFX"", ""ENCFF619TQP"", ""ENCFF586HMB"", ""ENCFF948HMV""]"	5	435	243	462	"[""IFNg"", ""IFNg-LPS"", ""IL10"", ""LPS"", ""resting""]"	404			0.3017136372640256	"[""GPR82_rE2G_link""]"
R03	41634297	41634797	chrX:41,634,298–41,634,797	500	8	70	"[""ENCFF580ICE"", ""ENCFF174FFX"", ""ENCFF619TQP"", ""ENCFF586HMB"", ""ENCFF948HMV""]"	5	379	494	0	"[""IL10""]"	142	1	"[""Distal enhancer""]"	0.2481643049736972	"[""GPR82_rE2G_link""]"
R04	41689619	41690119	chrX:41,689,620–41,690,119	500	8	4	"[""ENCFF580ICE"", ""ENCFF174FFX"", ""ENCFF586HMB"", ""ENCFF948HMV""]"	4	438	0	416	[]	0	1	"[""Proximal enhancer""]"	0.2792462687066379	"[""GPR82_rE2G_link""]"
R05	41704725	41705169	chrX:41,704,726–41,705,169	444	8	45	"[""ENCFF580ICE"", ""ENCFF586HMB"", ""ENCFF948HMV""]"	3	440	158	444	[]	0	1	"[""Distal enhancer""]"		"[""local_ccre_macrophage_open"", ""local_macrophage_open_acetylated""]"
R06	41705803	41706396	chrX:41,705,804–41,706,396	593	10	112	"[""ENCFF580ICE"", ""ENCFF174FFX"", ""ENCFF619TQP"", ""ENCFF586HMB"", ""ENCFF948HMV""]"	5	558	315	593	"[""IFNg"", ""IFNg-LPS"", ""IL10"", ""LPS"", ""resting""]"	396	2	"[""Distal enhancer""]"	0.8579713781976854	"[""GPR82_rE2G_link"", ""local_ccre_macrophage_open"", ""local_macrophage_open_acetylated""]"
R07	41708453	41708803	chrX:41,708,454–41,708,803	350	6	3	"[""ENCFF586HMB"", ""ENCFF948HMV""]"	2	350	0	0	[]	0	1	"[""Distal enhancer""]"		"[""local_ccre_macrophage_open""]"
R08	41719549	41720049	chrX:41,719,550–41,720,049	500	8	17	"[""ENCFF580ICE"", ""ENCFF586HMB"", ""ENCFF948HMV""]"	3	323	163	0	[]	0	1	"[""Distal enhancer""]"	0.4581415429319871	"[""GPR82_rE2G_link"", ""local_ccre_macrophage_open"", ""local_macrophage_open_acetylated""]"
R09	41722174	41730130	chrX:41,722,175–41,730,130	7956	146	591	"[""ENCFF580ICE"", ""ENCFF174FFX"", ""ENCFF619TQP"", ""ENCFF586HMB"", ""ENCFF948HMV""]"	5	1354	1400	488	"[""IFNg"", ""IL10"", ""LPS""]"	436	5	"[""Distal enhancer"", ""Promoter"", ""Proximal enhancer""]"	0.9999962183020008	"[""GPR82_rE2G_link"", ""gene_body"", ""local_ccre_macrophage_open"", ""local_macrophage_open_acetylated"", ""promoter""]"
R10	41732152	41732632	chrX:41,732,153–41,732,632	480	8	44	"[""ENCFF586HMB""]"	1	302	480	0	[]	0	1	"[""Distal enhancer""]"		"[""local_ccre_macrophage_open"", ""local_macrophage_open_acetylated""]"
R11	41733921	41734269	chrX:41,733,922–41,734,269	348	6	5	"[""ENCFF580ICE"", ""ENCFF586HMB"", ""ENCFF948HMV""]"	3	284	0	0	[]	0	1	"[""Distal enhancer""]"		"[""local_ccre_macrophage_open""]"
R12	41734567	41734881	chrX:41,734,568–41,734,881	314	6	5	"[""ENCFF580ICE"", ""ENCFF619TQP"", ""ENCFF586HMB"", ""ENCFF948HMV""]"	4	248	0	0	[]	0	1	"[""Distal enhancer""]"		"[""local_ccre_macrophage_open""]"
R13	41741614	41741928	chrX:41,741,615–41,741,928	314	6	60	"[""ENCFF580ICE"", ""ENCFF586HMB"", ""ENCFF948HMV""]"	3	296	314	0	[]	0	1	"[""Distal enhancer""]"		"[""local_ccre_macrophage_open"", ""local_macrophage_open_acetylated""]"
