region	interval_1based	evidence_tiles	selected_variants	proposed_variant_count
R01	chrX:41,442,263–41,442,762	4	13	13
R02	chrX:41,559,192–41,559,691	8	6	5
R03	chrX:41,634,298–41,634,797	8	70	69
R04	chrX:41,689,620–41,690,119	8	4	3
R05	chrX:41,704,726–41,705,169	8	45	44
R06	chrX:41,705,804–41,706,396	10	112	99
R07	chrX:41,708,454–41,708,803	6	3	2
R08	chrX:41,719,550–41,720,049	8	17	14
R09	chrX:41,722,175–41,730,130	146	591	125
R10	chrX:41,732,153–41,732,632	8	44	42
R11	chrX:41,733,922–41,734,269	6	5	1
R12	chrX:41,734,568–41,734,881	6	5	3
R13	chrX:41,741,615–41,741,928	6	60	60
